id,nom_comercial
24,fonte_24
90,fonte_90
121,fonte_121
156,fonte_156
157,fonte_157
159,fonte_159
172,fonte_172
188,fonte_188
196,fonte_196
198,fonte_198
200,fonte_200
219,fonte_219
233,fonte_233
236,fonte_236
238,fonte_238
264,fonte_264
274,fonte_274
332,fonte_332
355,fonte_355
393,fonte_393
419,fonte_419
467,fonte_467
479,fonte_479
482,fonte_482
486,fonte_486
528,fonte_528
539,fonte_539
541,fonte_541
544,fonte_544
552,fonte_552
571,fonte_571
579,fonte_579
632,fonte_632
667,fonte_667
688,fonte_688
697,fonte_697
706,fonte_706
733,fonte_733
770,fonte_770
794,fonte_794
868,fonte_868
869,fonte_869
890,fonte_890
923,fonte_923
929,fonte_929
930,fonte_930
947,fonte_947
1007,fonte_1007
1013,fonte_1013
1019,fonte_1019
1024,fonte_1024
1088,fonte_1088
1094,fonte_1094
1127,fonte_1127
1133,fonte_1133
1,fonte_1
10,fonte_10
42,fonte_42
84,fonte_84
99,fonte_99
108,fonte_108
112,fonte_112
123,fonte_123
149,fonte_149
163,fonte_163
164,fonte_164
194,fonte_194
213,fonte_213
234,fonte_234
253,fonte_253
279,fonte_279
305,fonte_305
309,fonte_309
311,fonte_311
363,fonte_363
369,fonte_369
372,fonte_372
407,fonte_407
415,fonte_415
436,fonte_436
513,fonte_513
525,fonte_525
526,fonte_526
561,fonte_561
567,fonte_567
606,fonte_606
639,fonte_639
642,fonte_642
665,fonte_665
678,fonte_678
692,fonte_692
693,fonte_693
707,fonte_707
711,fonte_711
712,fonte_712
714,fonte_714
747,fonte_747
752,fonte_752
776,fonte_776
812,fonte_812
814,fonte_814
839,fonte_839
874,fonte_874
883,fonte_883
899,fonte_899
940,fonte_940
965,fonte_965
990,fonte_990
991,fonte_991
1009,fonte_1009
1011,fonte_1011
1029,fonte_1029
1054,fonte_1054
11,fonte_11
14,fonte_14
35,fonte_35
37,fonte_37
53,fonte_53
57,fonte_57
62,fonte_62
63,fonte_63
77,fonte_77
80,fonte_80
85,fonte_85
86,fonte_86
92,fonte_92
106,fonte_106
117,fonte_117
122,fonte_122
136,fonte_136
151,fonte_151
160,fonte_160
187,fonte_187
205,fonte_205
214,fonte_214
217,fonte_217
221,fonte_221
246,fonte_246
266,fonte_266
282,fonte_282
288,fonte_288
303,fonte_303
318,fonte_318
323,fonte_323
333,fonte_333
351,fonte_351
361,fonte_361
403,fonte_403
437,fonte_437
451,fonte_451
459,fonte_459
489,fonte_489
492,fonte_492
506,fonte_506
532,fonte_532
563,fonte_563
569,fonte_569
588,fonte_588
636,fonte_636
637,fonte_637
652,fonte_652
676,fonte_676
696,fonte_696
708,fonte_708
710,fonte_710
727,fonte_727
731,fonte_731
734,fonte_734
740,fonte_740
768,fonte_768
789,fonte_789
802,fonte_802
811,fonte_811
827,fonte_827
854,fonte_854
888,fonte_888
891,fonte_891
898,fonte_898
903,fonte_903
905,fonte_905
909,fonte_909
910,fonte_910
926,fonte_926
981,fonte_981
996,fonte_996
1001,fonte_1001
1043,fonte_1043
1046,fonte_1046
1066,fonte_1066
1126,fonte_1126
67,fonte_67
83,fonte_83
109,fonte_109
110,fonte_110
143,fonte_143
154,fonte_154
162,fonte_162
165,fonte_165
185,fonte_185
186,fonte_186
201,fonte_201
204,fonte_204
224,fonte_224
228,fonte_228
229,fonte_229
265,fonte_265
281,fonte_281
304,fonte_304
359,fonte_359
388,fonte_388
405,fonte_405
417,fonte_417
442,fonte_442
449,fonte_449
455,fonte_455
464,fonte_464
477,fonte_477
516,fonte_516
540,fonte_540
546,fonte_546
584,fonte_584
591,fonte_591
600,fonte_600
615,fonte_615
630,fonte_630
633,fonte_633
643,fonte_643
647,fonte_647
674,fonte_674
684,fonte_684
687,fonte_687
701,fonte_701
758,fonte_758
844,fonte_844
849,fonte_849
862,fonte_862
876,fonte_876
881,fonte_881
895,fonte_895
900,fonte_900
906,fonte_906
927,fonte_927
936,fonte_936
950,fonte_950
961,fonte_961
971,fonte_971
987,fonte_987
1025,fonte_1025
1065,fonte_1065
1105,fonte_1105
1107,fonte_1107
1117,fonte_1117
1120,fonte_1120
17,fonte_17
21,fonte_21
65,fonte_65
91,fonte_91
93,fonte_93
113,fonte_113
166,fonte_166
174,fonte_174
182,fonte_182
237,fonte_237
240,fonte_240
245,fonte_245
252,fonte_252
276,fonte_276
283,fonte_283
287,fonte_287
290,fonte_290
298,fonte_298
301,fonte_301
302,fonte_302
313,fonte_313
316,fonte_316
338,fonte_338
344,fonte_344
346,fonte_346
350,fonte_350
358,fonte_358
366,fonte_366
427,fonte_427
431,fonte_431
480,fonte_480
508,fonte_508
512,fonte_512
518,fonte_518
533,fonte_533
570,fonte_570
598,fonte_598
609,fonte_609
614,fonte_614
618,fonte_618
626,fonte_626
656,fonte_656
724,fonte_724
746,fonte_746
801,fonte_801
820,fonte_820
822,fonte_822
836,fonte_836
847,fonte_847
851,fonte_851
878,fonte_878
919,fonte_919
922,fonte_922
932,fonte_932
934,fonte_934
943,fonte_943
951,fonte_951
976,fonte_976
977,fonte_977
982,fonte_982
995,fonte_995
1048,fonte_1048
1055,fonte_1055
1056,fonte_1056
1060,fonte_1060
1061,fonte_1061
1080,fonte_1080
1087,fonte_1087
1091,fonte_1091
1110,fonte_1110
1118,fonte_1118
33,fonte_33
43,fonte_43
54,fonte_54
68,fonte_68
103,fonte_103
130,fonte_130
134,fonte_134
161,fonte_161
179,fonte_179
189,fonte_189
193,fonte_193
195,fonte_195
203,fonte_203
209,fonte_209
263,fonte_263
272,fonte_272
273,fonte_273
275,fonte_275
297,fonte_297
345,fonte_345
371,fonte_371
390,fonte_390
398,fonte_398
402,fonte_402
410,fonte_410
420,fonte_420
453,fonte_453
461,fonte_461
463,fonte_463
484,fonte_484
509,fonte_509
572,fonte_572
589,fonte_589
622,fonte_622
638,fonte_638
675,fonte_675
682,fonte_682
690,fonte_690
694,fonte_694
699,fonte_699
700,fonte_700
732,fonte_732
739,fonte_739
741,fonte_741
787,fonte_787
791,fonte_791
792,fonte_792
817,fonte_817
833,fonte_833
845,fonte_845
893,fonte_893
925,fonte_925
931,fonte_931
935,fonte_935
939,fonte_939
1003,fonte_1003
1021,fonte_1021
1023,fonte_1023
1049,fonte_1049
1053,fonte_1053
1062,fonte_1062
1077,fonte_1077
1096,fonte_1096
4,fonte_4
36,fonte_36
47,fonte_47
49,fonte_49
52,fonte_52
56,fonte_56
59,fonte_59
71,fonte_71
73,fonte_73
95,fonte_95
101,fonte_101
128,fonte_128
132,fonte_132
146,fonte_146
148,fonte_148
158,fonte_158
169,fonte_169
176,fonte_176
178,fonte_178
190,fonte_190
206,fonte_206
215,fonte_215
220,fonte_220
226,fonte_226
230,fonte_230
255,fonte_255
256,fonte_256
269,fonte_269
271,fonte_271
324,fonte_324
352,fonte_352
392,fonte_392
400,fonte_400
404,fonte_404
414,fonte_414
426,fonte_426
428,fonte_428
432,fonte_432
444,fonte_444
487,fonte_487
529,fonte_529
545,fonte_545
547,fonte_547
551,fonte_551
554,fonte_554
557,fonte_557
559,fonte_559
560,fonte_560
575,fonte_575
583,fonte_583
599,fonte_599
605,fonte_605
634,fonte_634
640,fonte_640
654,fonte_654
664,fonte_664
716,fonte_716
723,fonte_723
735,fonte_735
750,fonte_750
771,fonte_771
826,fonte_826
856,fonte_856
867,fonte_867
877,fonte_877
882,fonte_882
894,fonte_894
897,fonte_897
917,fonte_917
944,fonte_944
949,fonte_949
975,fonte_975
1004,fonte_1004
1006,fonte_1006
1012,fonte_1012
1017,fonte_1017
1026,fonte_1026
1028,fonte_1028
1058,fonte_1058
1068,fonte_1068
1112,fonte_1112
27,fonte_27
46,fonte_46
107,fonte_107
138,fonte_138
141,fonte_141
153,fonte_153
191,fonte_191
231,fonte_231
249,fonte_249
277,fonte_277
292,fonte_292
299,fonte_299
300,fonte_300
353,fonte_353
365,fonte_365
367,fonte_367
368,fonte_368
373,fonte_373
386,fonte_386
401,fonte_401
408,fonte_408
418,fonte_418
445,fonte_445
471,fonte_471
473,fonte_473
476,fonte_476
483,fonte_483
485,fonte_485
498,fonte_498
499,fonte_499
501,fonte_501
573,fonte_573
590,fonte_590
607,fonte_607
608,fonte_608
613,fonte_613
629,fonte_629
644,fonte_644
645,fonte_645
659,fonte_659
669,fonte_669
670,fonte_670
695,fonte_695
698,fonte_698
703,fonte_703
719,fonte_719
720,fonte_720
725,fonte_725
754,fonte_754
757,fonte_757
779,fonte_779
782,fonte_782
818,fonte_818
819,fonte_819
842,fonte_842
863,fonte_863
873,fonte_873
902,fonte_902
924,fonte_924
937,fonte_937
962,fonte_962
1008,fonte_1008
1010,fonte_1010
1090,fonte_1090
1114,fonte_1114
2,fonte_2
3,fonte_3
16,fonte_16
20,fonte_20
26,fonte_26
34,fonte_34
81,fonte_81
87,fonte_87
105,fonte_105
118,fonte_118
124,fonte_124
125,fonte_125
137,fonte_137
183,fonte_183
197,fonte_197
267,fonte_267
322,fonte_322
336,fonte_336
343,fonte_343
356,fonte_356
380,fonte_380
394,fonte_394
395,fonte_395
422,fonte_422
458,fonte_458
481,fonte_481
491,fonte_491
496,fonte_496
505,fonte_505
514,fonte_514
517,fonte_517
536,fonte_536
538,fonte_538
562,fonte_562
566,fonte_566
574,fonte_574
595,fonte_595
601,fonte_601
610,fonte_610
619,fonte_619
631,fonte_631
653,fonte_653
683,fonte_683
709,fonte_709
722,fonte_722
730,fonte_730
756,fonte_756
773,fonte_773
778,fonte_778
790,fonte_790
815,fonte_815
816,fonte_816
838,fonte_838
855,fonte_855
866,fonte_866
872,fonte_872
884,fonte_884
886,fonte_886
892,fonte_892
907,fonte_907
921,fonte_921
946,fonte_946
948,fonte_948
957,fonte_957
967,fonte_967
974,fonte_974
980,fonte_980
983,fonte_983
985,fonte_985
1059,fonte_1059
1093,fonte_1093
1097,fonte_1097
1102,fonte_1102
1132,fonte_1132
13,fonte_13
29,fonte_29
30,fonte_30
60,fonte_60
72,fonte_72
76,fonte_76
94,fonte_94
115,fonte_115
119,fonte_119
126,fonte_126
133,fonte_133
152,fonte_152
170,fonte_170
218,fonte_218
242,fonte_242
243,fonte_243
250,fonte_250
270,fonte_270
278,fonte_278
293,fonte_293
295,fonte_295
319,fonte_319
326,fonte_326
328,fonte_328
335,fonte_335
370,fonte_370
424,fonte_424
457,fonte_457
495,fonte_495
519,fonte_519
524,fonte_524
537,fonte_537
543,fonte_543
548,fonte_548
550,fonte_550
558,fonte_558
582,fonte_582
587,fonte_587
593,fonte_593
594,fonte_594
602,fonte_602
611,fonte_611
617,fonte_617
620,fonte_620
635,fonte_635
646,fonte_646
648,fonte_648
662,fonte_662
671,fonte_671
680,fonte_680
681,fonte_681
689,fonte_689
691,fonte_691
705,fonte_705
743,fonte_743
744,fonte_744
748,fonte_748
749,fonte_749
753,fonte_753
755,fonte_755
766,fonte_766
810,fonte_810
835,fonte_835
850,fonte_850
859,fonte_859
861,fonte_861
865,fonte_865
871,fonte_871
887,fonte_887
920,fonte_920
968,fonte_968
969,fonte_969
993,fonte_993
997,fonte_997
1016,fonte_1016
1039,fonte_1039
1044,fonte_1044
1064,fonte_1064
1069,fonte_1069
1098,fonte_1098
1115,fonte_1115
1119,fonte_1119
9,fonte_9
40,fonte_40
44,fonte_44
45,fonte_45
51,fonte_51
58,fonte_58
70,fonte_70
104,fonte_104
116,fonte_116
129,fonte_129
142,fonte_142
180,fonte_180
222,fonte_222
225,fonte_225
239,fonte_239
241,fonte_241
254,fonte_254
257,fonte_257
259,fonte_259
285,fonte_285
289,fonte_289
315,fonte_315
329,fonte_329
354,fonte_354
357,fonte_357
379,fonte_379
391,fonte_391
425,fonte_425
429,fonte_429
460,fonte_460
466,fonte_466
510,fonte_510
530,fonte_530
534,fonte_534
565,fonte_565
663,fonte_663
673,fonte_673
685,fonte_685
686,fonte_686
726,fonte_726
784,fonte_784
786,fonte_786
813,fonte_813
840,fonte_840
864,fonte_864
880,fonte_880
915,fonte_915
941,fonte_941
942,fonte_942
956,fonte_956
963,fonte_963
970,fonte_970
984,fonte_984
986,fonte_986
994,fonte_994
1038,fonte_1038
1041,fonte_1041
1057,fonte_1057
1067,fonte_1067
1100,fonte_1100
1101,fonte_1101
1108,fonte_1108
1121,fonte_1121
1130,fonte_1130
12,fonte_12
18,fonte_18
48,fonte_48
50,fonte_50
61,fonte_61
64,fonte_64
66,fonte_66
74,fonte_74
98,fonte_98
102,fonte_102
120,fonte_120
127,fonte_127
181,fonte_181
199,fonte_199
210,fonte_210
244,fonte_244
247,fonte_247
284,fonte_284
291,fonte_291
296,fonte_296
317,fonte_317
330,fonte_330
334,fonte_334
339,fonte_339
340,fonte_340
341,fonte_341
348,fonte_348
349,fonte_349
378,fonte_378
382,fonte_382
430,fonte_430
438,fonte_438
452,fonte_452
465,fonte_465
469,fonte_469
470,fonte_470
478,fonte_478
493,fonte_493
503,fonte_503
504,fonte_504
549,fonte_549
556,fonte_556
580,fonte_580
628,fonte_628
650,fonte_650
655,fonte_655
729,fonte_729
760,fonte_760
777,fonte_777
795,fonte_795
800,fonte_800
834,fonte_834
841,fonte_841
853,fonte_853
860,fonte_860
875,fonte_875
889,fonte_889
933,fonte_933
953,fonte_953
973,fonte_973
979,fonte_979
998,fonte_998
1000,fonte_1000
1020,fonte_1020
1022,fonte_1022
1050,fonte_1050
1075,fonte_1075
1076,fonte_1076
1078,fonte_1078
1082,fonte_1082
1083,fonte_1083
1109,fonte_1109
1125,fonte_1125
1128,fonte_1128
55,fonte_55
89,fonte_89
97,fonte_97
100,fonte_100
135,fonte_135
139,fonte_139
208,fonte_208
248,fonte_248
251,fonte_251
258,fonte_258
262,fonte_262
268,fonte_268
280,fonte_280
306,fonte_306
307,fonte_307
310,fonte_310
321,fonte_321
325,fonte_325
327,fonte_327
337,fonte_337
364,fonte_364
374,fonte_374
377,fonte_377
396,fonte_396
406,fonte_406
423,fonte_423
433,fonte_433
434,fonte_434
439,fonte_439
443,fonte_443
448,fonte_448
454,fonte_454
462,fonte_462
468,fonte_468
494,fonte_494
497,fonte_497
523,fonte_523
535,fonte_535
576,fonte_576
603,fonte_603
604,fonte_604
623,fonte_623
625,fonte_625
627,fonte_627
641,fonte_641
649,fonte_649
660,fonte_660
661,fonte_661
677,fonte_677
679,fonte_679
728,fonte_728
737,fonte_737
742,fonte_742
745,fonte_745
774,fonte_774
799,fonte_799
823,fonte_823
832,fonte_832
904,fonte_904
959,fonte_959
972,fonte_972
978,fonte_978
988,fonte_988
1031,fonte_1031
1052,fonte_1052
1070,fonte_1070
1089,fonte_1089
1113,fonte_1113
1122,fonte_1122
5,fonte_5
6,fonte_6
28,fonte_28
39,fonte_39
75,fonte_75
79,fonte_79
88,fonte_88
96,fonte_96
111,fonte_111
131,fonte_131
150,fonte_150
167,fonte_167
177,fonte_177
184,fonte_184
192,fonte_192
207,fonte_207
223,fonte_223
232,fonte_232
286,fonte_286
320,fonte_320
362,fonte_362
381,fonte_381
383,fonte_383
387,fonte_387
411,fonte_411
421,fonte_421
435,fonte_435
447,fonte_447
450,fonte_450
472,fonte_472
520,fonte_520
521,fonte_521
522,fonte_522
586,fonte_586
651,fonte_651
672,fonte_672
704,fonte_704
713,fonte_713
715,fonte_715
717,fonte_717
718,fonte_718
721,fonte_721
738,fonte_738
767,fonte_767
772,fonte_772
780,fonte_780
788,fonte_788
793,fonte_793
796,fonte_796
797,fonte_797
825,fonte_825
830,fonte_830
831,fonte_831
843,fonte_843
846,fonte_846
857,fonte_857
858,fonte_858
870,fonte_870
879,fonte_879
896,fonte_896
912,fonte_912
918,fonte_918
928,fonte_928
938,fonte_938
945,fonte_945
952,fonte_952
955,fonte_955
966,fonte_966
1005,fonte_1005
1040,fonte_1040
1045,fonte_1045
1051,fonte_1051
1063,fonte_1063
1073,fonte_1073
1074,fonte_1074
1081,fonte_1081
1123,fonte_1123
1124,fonte_1124
1129,fonte_1129
15,fonte_15
19,fonte_19
23,fonte_23
25,fonte_25
31,fonte_31
78,fonte_78
114,fonte_114
145,fonte_145
168,fonte_168
171,fonte_171
212,fonte_212
216,fonte_216
260,fonte_260
312,fonte_312
331,fonte_331
342,fonte_342
360,fonte_360
376,fonte_376
384,fonte_384
389,fonte_389
397,fonte_397
399,fonte_399
412,fonte_412
413,fonte_413
441,fonte_441
474,fonte_474
488,fonte_488
500,fonte_500
531,fonte_531
553,fonte_553
555,fonte_555
564,fonte_564
568,fonte_568
577,fonte_577
585,fonte_585
666,fonte_666
668,fonte_668
702,fonte_702
759,fonte_759
785,fonte_785
821,fonte_821
829,fonte_829
837,fonte_837
852,fonte_852
908,fonte_908
911,fonte_911
958,fonte_958
960,fonte_960
989,fonte_989
1002,fonte_1002
1014,fonte_1014
1018,fonte_1018
1030,fonte_1030
1079,fonte_1079
1084,fonte_1084
1085,fonte_1085
1086,fonte_1086
1099,fonte_1099
1103,fonte_1103
1106,fonte_1106
1111,fonte_1111
1116,fonte_1116
1131,fonte_1131
22,fonte_22
32,fonte_32
38,fonte_38
41,fonte_41
69,fonte_69
82,fonte_82
140,fonte_140
144,fonte_144
147,fonte_147
155,fonte_155
173,fonte_173
175,fonte_175
211,fonte_211
227,fonte_227
235,fonte_235
261,fonte_261
294,fonte_294
308,fonte_308
314,fonte_314
347,fonte_347
375,fonte_375
385,fonte_385
409,fonte_409
416,fonte_416
440,fonte_440
446,fonte_446
456,fonte_456
475,fonte_475
490,fonte_490
502,fonte_502
507,fonte_507
511,fonte_511
515,fonte_515
527,fonte_527
542,fonte_542
578,fonte_578
581,fonte_581
592,fonte_592
596,fonte_596
597,fonte_597
616,fonte_616
621,fonte_621
624,fonte_624
657,fonte_657
658,fonte_658
736,fonte_736
751,fonte_751
769,fonte_769
775,fonte_775
781,fonte_781
783,fonte_783
798,fonte_798
824,fonte_824
828,fonte_828
848,fonte_848
885,fonte_885
901,fonte_901
913,fonte_913
914,fonte_914
954,fonte_954
964,fonte_964
992,fonte_992
999,fonte_999
1015,fonte_1015
1027,fonte_1027
1047,fonte_1047
1071,fonte_1071
1072,fonte_1072
1092,fonte_1092
1095,fonte_1095
1104,fonte_1104
